<ImportExportXml xmlns:xsi="http://www.w3.org/2001/XMLSchema-instance">
  <Entities></Entities>
  <Roles></Roles>
  <Workflows></Workflows>
  <FieldSecurityProfiles></FieldSecurityProfiles>
  <Templates />
  <EntityMaps />
  <EntityRelationships />
  <OrganizationSettings />
  <optionsets />
  <CustomControls />
  <EntityDataProviders />
  <CanvasApps>
    <CanvasApp>
      <Name>lst_exampleapp_b4c00</Name>
      <AppVersion>2024-02-03T10:07:53Z</AppVersion>
      <Status>Ready</Status>
      <CreatedByClientVersion>3.24014.14.0</CreatedByClientVersion>
      <MinClientVersion>3.24014.14.0</MinClientVersion>
      <Tags>{"primaryDeviceWidth":"1366","primaryDeviceHeight":"768","supportsPortrait":"true","supportsLandscape":"true","primaryFormFactor":"Tablet","showStatusBar":"false","publisherVersion":"3.24014.14","minimumRequiredApiVersion":"2.2.0","hasComponent":"true","hasUnlockedComponent":"false","isUnifiedRootApp":"false","offlineLargeFilesSupport":"false","sienaVersion":"20240203T100043Z-3.24014.14.0"}</Tags>
      <IsCdsUpgraded>0</IsCdsUpgraded>
      <GalleryItemId xsi:nil="true"></GalleryItemId>
      <BackgroundColor>RGBA(0,176,240,1)</BackgroundColor>
      <DisplayName>Example App</DisplayName>
      <Description xsi:nil="true"></Description>
      <CommitMessage xsi:nil="true"></CommitMessage>
      <Publisher xsi:nil="true"></Publisher>
      <AuthorizationReferences>[]</AuthorizationReferences>
      <ConnectionReferences>{}</ConnectionReferences>
      <DatabaseReferences>{}</DatabaseReferences>
      <AppComponents>[]</AppComponents>
      <AppComponentDependencies>[{"appComponentName":"e0342001a66848aabbb0b50e03dd498c","appName":"679f1971-0eeb-4604-851f-2bec67d711ab","appComponentLibraryName":"ff202eda-ee93-4af4-b305-65afb64e9ac7","appComponentLibraryVersion":"2024-02-03T10:02:57Z","appComponentLibraryLogicalName":"lst_examplecomponents_4944b","environmentName":"1dfc0f8a-de6a-4431-84dd-adc8e57bfb70"},{"appComponentName":"7f36a9ba47ee47538215b370bef9ed27","appName":"679f1971-0eeb-4604-851f-2bec67d711ab","appComponentLibraryName":"ff202eda-ee93-4af4-b305-65afb64e9ac7","appComponentLibraryVersion":"2024-02-03T10:02:57Z","appComponentLibraryLogicalName":"lst_examplecomponents_4944b","environmentName":"1dfc0f8a-de6a-4431-84dd-adc8e57bfb70"},{"appComponentName":"fa077f28f63b427a93d812d5e1837065","appName":"679f1971-0eeb-4604-851f-2bec67d711ab","appComponentLibraryName":"ff202eda-ee93-4af4-b305-65afb64e9ac7","appComponentLibraryVersion":"2024-02-03T10:02:57Z","appComponentLibraryLogicalName":"lst_examplecomponents_4944b","environmentName":"1dfc0f8a-de6a-4431-84dd-adc8e57bfb70"}]</AppComponentDependencies>
      <CanConsumeAppPass>1</CanConsumeAppPass>
      <CanvasAppType>0</CanvasAppType>
      <BypassConsent>0</BypassConsent>
      <AdminControlBypassConsent>0</AdminControlBypassConsent>
      <EmbeddedApp xsi:nil="true"></EmbeddedApp>
      <IntroducedVersion>1.0</IntroducedVersion>
      <CdsDependencies>{"cdsdependencies":[{"logicalname":"lst_examplecomponents_4944b","componenttype":300,"componenttypeplatformname":"CanvasApp"}]}</CdsDependencies>
      <IsCustomizable>1</IsCustomizable>
      <BackgroundImageUri>/CanvasApps/lst_exampleapp_b4c00_BackgroundImageUri</BackgroundImageUri>
      <DocumentUri>/CanvasApps/lst_exampleapp_b4c00_DocumentUri.msapp</DocumentUri>
      <AdditionalUris>
        <AdditionalUri>/CanvasApps/lst_exampleapp_b4c00_AdditionalUris0_identity.json</AdditionalUri>
      </AdditionalUris>
    </CanvasApp>
    <CanvasApp>
      <Name>lst_examplecomponents_4944b</Name>
      <AppVersion>2024-02-03T10:02:57Z</AppVersion>
      <Status>Ready</Status>
      <CreatedByClientVersion>3.24014.14.0</CreatedByClientVersion>
      <MinClientVersion>3.24014.14.0</MinClientVersion>
      <Tags>{"primaryDeviceWidth":"1000","primaryDeviceHeight":"640","supportsPortrait":"true","supportsLandscape":"true","primaryFormFactor":"Phone","showStatusBar":"false","publisherVersion":"3.24014.14","minimumRequiredApiVersion":"2.2.0","hasComponent":"true","hasUnlockedComponent":"true","isUnifiedRootApp":"false","offlineLargeFilesSupport":"false"}</Tags>
      <IsCdsUpgraded>0</IsCdsUpgraded>
      <GalleryItemId xsi:nil="true"></GalleryItemId>
      <BackgroundColor>RGBA(251,101,60,1)</BackgroundColor>
      <DisplayName>Example Components</DisplayName>
      <Description xsi:nil="true"></Description>
      <CommitMessage xsi:nil="true"></CommitMessage>
      <Publisher xsi:nil="true"></Publisher>
      <AuthorizationReferences>[]</AuthorizationReferences>
      <ConnectionReferences>{}</ConnectionReferences>
      <DatabaseReferences>{}</DatabaseReferences>
      <AppComponents>[{"appComponentName":"7f36a9ba47ee47538215b370bef9ed27","displayName":"Simple Header","appName":"ff202eda-ee93-4af4-b305-65afb64e9ac7","appVersion":"2024-02-03T10:02:57Z","appComponentLibraryLogicalName":"lst_examplecomponents_4944b","appDisplayName":"Example Components","environmentName":"1dfc0f8a-de6a-4431-84dd-adc8e57bfb70","owner":{"id":"51a3c11b-d3d1-47d9-a0b5-1b1d31fcf10c","displayName":"Lilian Stenholt Thomsen (Delegate)","email":"lst@delegate.dk","type":"User","tenantId":"0d3aa8f9-8168-4bc2-bda1-c3972e6d9352","userPrincipalName":"lst@delegate.dk"},"allowCustomization":true,"createdOn":"2024-02-03T07:38:37.625Z","lastModifiedOn":"2024-02-03T09:58:13.589Z","connectionReferences":{},"databaseReferences":{}},{"appComponentName":"e0342001a66848aabbb0b50e03dd498c","displayName":"Landing Page Tiles","appName":"ff202eda-ee93-4af4-b305-65afb64e9ac7","appVersion":"2024-02-03T10:02:57Z","appComponentLibraryLogicalName":"lst_examplecomponents_4944b","appDisplayName":"Example Components","environmentName":"1dfc0f8a-de6a-4431-84dd-adc8e57bfb70","owner":{"id":"51a3c11b-d3d1-47d9-a0b5-1b1d31fcf10c","displayName":"Lilian Stenholt Thomsen (Delegate)","email":"lst@delegate.dk","type":"User","tenantId":"0d3aa8f9-8168-4bc2-bda1-c3972e6d9352","userPrincipalName":"lst@delegate.dk"},"allowCustomization":true,"createdOn":"2024-02-03T07:38:37.625Z","lastModifiedOn":"2024-02-03T09:58:13.589Z","connectionReferences":{},"databaseReferences":{}},{"appComponentName":"fa077f28f63b427a93d812d5e1837065","displayName":"Simple Footer","appName":"ff202eda-ee93-4af4-b305-65afb64e9ac7","appVersion":"2024-02-03T10:02:57Z","appComponentLibraryLogicalName":"lst_examplecomponents_4944b","appDisplayName":"Example Components","environmentName":"1dfc0f8a-de6a-4431-84dd-adc8e57bfb70","owner":{"id":"51a3c11b-d3d1-47d9-a0b5-1b1d31fcf10c","displayName":"Lilian Stenholt Thomsen (Delegate)","email":"lst@delegate.dk","type":"User","tenantId":"0d3aa8f9-8168-4bc2-bda1-c3972e6d9352","userPrincipalName":"lst@delegate.dk"},"allowCustomization":false,"createdOn":"2024-02-03T07:38:37.625Z","lastModifiedOn":"2024-02-03T09:58:13.589Z","connectionReferences":{},"databaseReferences":{}}]</AppComponents>
      <AppComponentDependencies>[]</AppComponentDependencies>
      <CanConsumeAppPass>1</CanConsumeAppPass>
      <CanvasAppType>1</CanvasAppType>
      <BypassConsent>0</BypassConsent>
      <AdminControlBypassConsent>0</AdminControlBypassConsent>
      <EmbeddedApp xsi:nil="true"></EmbeddedApp>
      <IntroducedVersion>1.0</IntroducedVersion>
      <CdsDependencies>{"cdsdependencies":[]}</CdsDependencies>
      <IsCustomizable>1</IsCustomizable>
      <BackgroundImageUri>/CanvasApps/lst_examplecomponents_4944b_BackgroundImageUri</BackgroundImageUri>
      <DocumentUri>/CanvasApps/lst_examplecomponents_4944b_DocumentUri.msapp</DocumentUri>
      <AdditionalUris>
        <AdditionalUri>/CanvasApps/lst_examplecomponents_4944b_AdditionalUris0_identity.json</AdditionalUri>
      </AdditionalUris>
    </CanvasApp>
  </CanvasApps>
  <Languages>
    <Language>1033</Language>
  </Languages>
</ImportExportXml>